id,season,predictions
0,2017-18,"{""round_of_16"": [{""team_1"": ""Real Madrid"", ""team_2"": ""PSG"", ""winner"": ""Real Madrid""}, {""team_1"": ""Barcelona"", ""team_2"": ""Chelsea"", ""winner"": ""Barcelona""}, {""team_1"": ""Bayern Munich"", ""team_2"": ""Besiktas"", ""winner"": ""Bayern Munich""}, {""team_1"": ""Manchester City"", ""team_2"": ""Basel"", ""winner"": ""Manchester City""}, {""team_1"": ""Liverpool"", ""team_2"": ""Porto"", ""winner"": ""Liverpool""}, {""team_1"": ""Juventus"", ""team_2"": ""Tottenham"", ""winner"": ""Juventus""}, {""team_1"": ""Sevilla"", ""team_2"": ""Manchester United"", ""winner"": ""Sevilla""}, {""team_1"": ""AS Roma"", ""team_2"": ""Shakhtar Donetsk"", ""winner"": ""AS Roma""}], ""quarter_finals"": [{""team_1"": ""Real Madrid"", ""team_2"": ""Barcelona"", ""winner"": ""Real Madrid""}, {""team_1"": ""Bayern Munich"", ""team_2"": ""Manchester City"", ""winner"": ""Bayern Munich""}, {""team_1"": ""Liverpool"", ""team_2"": ""Juventus"", ""winner"": ""Liverpool""}, {""team_1"": ""Sevilla"", ""team_2"": ""AS Roma"", ""winner"": ""AS Roma""}], ""semi_finals"": [{""team_1"": ""Real Madrid"", ""team_2"": ""Bayern Munich"", ""winner"": ""Real Madrid""}, {""team_1"": ""Liverpool"", ""team_2"": ""AS Roma"", ""winner"": ""Liverpool""}], ""final"": [{""team_1"": ""Real Madrid"", ""team_2"": ""Liverpool"", ""winner"": ""Real Madrid""}]}"
1,2018-19,"{""round_of_16"": [{""team_1"": ""Barcelona"", ""team_2"": ""Lyon"", ""winner"": ""Barcelona""}, {""team_1"": ""Liverpool"", ""team_2"": ""Bayern Munich"", ""winner"": ""Liverpool""}, {""team_1"": ""Manchester City"", ""team_2"": ""Schalke 04"", ""winner"": ""Manchester City""}, {""team_1"": ""Juventus"", ""team_2"": ""Atletico Madrid"", ""winner"": ""Juventus""}, {""team_1"": ""Real Madrid"", ""team_2"": ""Ajax"", ""winner"": ""Real Madrid""}, {""team_1"": ""Tottenham"", ""team_2"": ""Borussia Dortmund"", ""winner"": ""Tottenham""}, {""team_1"": ""Manchester United"", ""team_2"": ""PSG"", ""winner"": ""Manchester United""}, {""team_1"": ""AS Roma"", ""team_2"": ""Porto"", ""winner"": ""AS Roma""}], ""quarter_finals"": [{""team_1"": ""Barcelona"", ""team_2"": ""Liverpool"", ""winner"": ""Barcelona""}, {""team_1"": ""Manchester City"", ""team_2"": ""Juventus"", ""winner"": ""Manchester City""}, {""team_1"": ""Real Madrid"", ""team_2"": ""Tottenham"", ""winner"": ""Tottenham""}, {""team_1"": ""Manchester United"", ""team_2"": ""AS Roma"", ""winner"": ""Manchester United""}], ""semi_finals"": [{""team_1"": ""Barcelona"", ""team_2"": ""Manchester City"", ""winner"": ""Barcelona""}, {""team_1"": ""Tottenham"", ""team_2"": ""Manchester United"", ""winner"": ""Tottenham""}], ""final"": [{""team_1"": ""Barcelona"", ""team_2"": ""Tottenham"", ""winner"": ""Barcelona""}]}"
2,2019-20,"{""round_of_16"": [{""team_1"": ""Real Madrid"", ""team_2"": ""Manchester City"", ""winner"": ""Real Madrid""}, {""team_1"": ""Barcelona"", ""team_2"": ""Napoli"", ""winner"": ""Barcelona""}, {""team_1"": ""Bayern Munich"", ""team_2"": ""Chelsea"", ""winner"": ""Bayern Munich""}, {""team_1"": ""Liverpool"", ""team_2"": ""Atletico Madrid"", ""winner"": ""Liverpool""}, {""team_1"": ""PSG"", ""team_2"": ""Borussia Dortmund"", ""winner"": ""PSG""}, {""team_1"": ""Juventus"", ""team_2"": ""Lyon"", ""winner"": ""Juventus""}, {""team_1"": ""Tottenham"", ""team_2"": ""RB Leipzig"", ""winner"": ""Tottenham""}, {""team_1"": ""Valencia"", ""team_2"": ""Atalanta"", ""winner"": ""Valencia""}], ""quarter_finals"": [{""team_1"": ""Real Madrid"", ""team_2"": ""Barcelona"", ""winner"": ""Barcelona""}, {""team_1"": ""Bayern Munich"", ""team_2"": ""Liverpool"", ""winner"": ""Bayern Munich""}, {""team_1"": ""PSG"", ""team_2"": ""Juventus"", ""winner"": ""PSG""}, {""team_1"": ""Tottenham"", ""team_2"": ""Valencia"", ""winner"": ""Valencia""}], ""semi_finals"": [{""team_1"": ""Barcelona"", ""team_2"": ""Bayern Munich"", ""winner"": ""Bayern Munich""}, {""team_1"": ""PSG"", ""team_2"": ""Valencia"", ""winner"": ""PSG""}], ""final"": [{""team_1"": ""Bayern Munich"", ""team_2"": ""PSG"", ""winner"": ""Bayern Munich""}]}"
3,2020-21,"{""round_of_16"": [{""team_1"": ""Barcelona"", ""team_2"": ""PSG"", ""winner"": ""Barcelona""}, {""team_1"": ""Liverpool"", ""team_2"": ""RB Leipzig"", ""winner"": ""Liverpool""}, {""team_1"": ""Manchester City"", ""team_2"": ""Borussia Monchengladbach"", ""winner"": ""Manchester City""}, {""team_1"": ""Bayern Munich"", ""team_2"": ""Lazio"", ""winner"": ""Bayern Munich""}, {""team_1"": ""Chelsea"", ""team_2"": ""Atletico Madrid"", ""winner"": ""Chelsea""}, {""team_1"": ""Juventus"", ""team_2"": ""Porto"", ""winner"": ""Juventus""}, {""team_1"": ""Real Madrid"", ""team_2"": ""Atalanta"", ""winner"": ""Real Madrid""}, {""team_1"": ""Sevilla"", ""team_2"": ""Borussia Dortmund"", ""winner"": ""Sevilla""}], ""quarter_finals"": [{""team_1"": ""Barcelona"", ""team_2"": ""Liverpool"", ""winner"": ""Liverpool""}, {""team_1"": ""Manchester City"", ""team_2"": ""Bayern Munich"", ""winner"": ""Manchester City""}, {""team_1"": ""Chelsea"", ""team_2"": ""Juventus"", ""winner"": ""Chelsea""}, {""team_1"": ""Real Madrid"", ""team_2"": ""Sevilla"", ""winner"": ""Real Madrid""}], ""semi_finals"": [{""team_1"": ""Liverpool"", ""team_2"": ""Manchester City"", ""winner"": ""Manchester City""}, {""team_1"": ""Chelsea"", ""team_2"": ""Real Madrid"", ""winner"": ""Chelsea""}], ""final"": [{""team_1"": ""Manchester City"", ""team_2"": ""Chelsea"", ""winner"": ""Manchester City""}]}"
4,2021-22,"{""round_of_16"": [{""team_1"": ""Real Madrid"", ""team_2"": ""PSG"", ""winner"": ""Real Madrid""}, {""team_1"": ""Manchester City"", ""team_2"": ""Sporting CP"", ""winner"": ""Manchester City""}, {""team_1"": ""Liverpool"", ""team_2"": ""Inter Milan"", ""winner"": ""Liverpool""}, {""team_1"": ""Bayern Munich"", ""team_2"": ""RB Salzburg"", ""winner"": ""Bayern Munich""}, {""team_1"": ""Chelsea"", ""team_2"": ""Lille"", ""winner"": ""Chelsea""}, {""team_1"": ""Juventus"", ""team_2"": ""Villarreal"", ""winner"": ""Juventus""}, {""team_1"": ""Ajax"", ""team_2"": ""Benfica"", ""winner"": ""Ajax""}, {""team_1"": ""Atletico Madrid"", ""team_2"": ""Manchester United"", ""winner"": ""Atletico Madrid""}], ""quarter_finals"": [{""team_1"": ""Real Madrid"", ""team_2"": ""Manchester City"", ""winner"": ""Real Madrid""}, {""team_1"": ""Liverpool"", ""team_2"": ""Bayern Munich"", ""winner"": ""Liverpool""}, {""team_1"": ""Chelsea"", ""team_2"": ""Juventus"", ""winner"": ""Chelsea""}, {""team_1"": ""Ajax"", ""team_2"": ""Atletico Madrid"", ""winner"": ""Ajax""}], ""semi_finals"": [{""team_1"": ""Real Madrid"", ""team_2"": ""Liverpool"", ""winner"": ""Real Madrid""}, {""team_1"": ""Chelsea"", ""team_2"": ""Ajax"", ""winner"": ""Chelsea""}], ""final"": [{""team_1"": ""Real Madrid"", ""team_2"": ""Chelsea"", ""winner"": ""Real Madrid""}]}"
5,2022-23,"{""round_of_16"": [{""team_1"": ""Liverpool"", ""team_2"": ""Real Madrid"", ""winner"": ""Real Madrid""}, {""team_1"": ""Barcelona"", ""team_2"": ""PSG"", ""winner"": ""Barcelona""}, {""team_1"": ""Bayern Munich"", ""team_2"": ""PSG"", ""winner"": ""Bayern Munich""}, {""team_1"": ""Manchester City"", ""team_2"": ""RB Leipzig"", ""winner"": ""Manchester City""}, {""team_1"": ""Chelsea"", ""team_2"": ""Borussia Dortmund"", ""winner"": ""Chelsea""}, {""team_1"": ""AC Milan"", ""team_2"": ""Tottenham"", ""winner"": ""AC Milan""}, {""team_1"": ""Inter Milan"", ""team_2"": ""Porto"", ""winner"": ""Inter Milan""}, {""team_1"": ""Benfica"", ""team_2"": ""Club Brugge"", ""winner"": ""Benfica""}], ""quarter_finals"": [{""team_1"": ""Real Madrid"", ""team_2"": ""Barcelona"", ""winner"": ""Real Madrid""}, {""team_1"": ""Bayern Munich"", ""team_2"": ""Manchester City"", ""winner"": ""Manchester City""}, {""team_1"": ""Chelsea"", ""team_2"": ""AC Milan"", ""winner"": ""AC Milan""}, {""team_1"": ""Inter Milan"", ""team_2"": ""Benfica"", ""winner"": ""Inter Milan""}], ""semi_finals"": [{""team_1"": ""Real Madrid"", ""team_2"": ""Manchester City"", ""winner"": ""Manchester City""}, {""team_1"": ""AC Milan"", ""team_2"": ""Inter Milan"", ""winner"": ""Inter Milan""}], ""final"": [{""team_1"": ""Manchester City"", ""team_2"": ""Inter Milan"", ""winner"": ""Manchester City""}]}"
6,2023-24,"{""round_of_16"": [{""team_1"": ""Real Madrid"", ""team_2"": ""RB Leipzig"", ""winner"": ""Real Madrid""}, {""team_1"": ""Manchester City"", ""team_2"": ""Copenhagen"", ""winner"": ""Manchester City""}, {""team_1"": ""Bayern Munich"", ""team_2"": ""Lazio"", ""winner"": ""Bayern Munich""}, {""team_1"": ""Arsenal"", ""team_2"": ""Porto"", ""winner"": ""Arsenal""}, {""team_1"": ""Barcelona"", ""team_2"": ""Napoli"", ""winner"": ""Barcelona""}, {""team_1"": ""Atletico Madrid"", ""team_2"": ""Inter Milan"", ""winner"": ""Atletico Madrid""}, {""team_1"": ""PSG"", ""team_2"": ""Real Sociedad"", ""winner"": ""PSG""}, {""team_1"": ""Borussia Dortmund"", ""team_2"": ""PSV Eindhoven"", ""winner"": ""Borussia Dortmund""}], ""quarter_finals"": [{""team_1"": ""Real Madrid"", ""team_2"": ""Manchester City"", ""winner"": ""Real Madrid""}, {""team_1"": ""Bayern Munich"", ""team_2"": ""Arsenal"", ""winner"": ""Arsenal""}, {""team_1"": ""Barcelona"", ""team_2"": ""Atletico Madrid"", ""winner"": ""Barcelona""}, {""team_1"": ""PSG"", ""team_2"": ""Borussia Dortmund"", ""winner"": ""PSG""}], ""semi_finals"": [{""team_1"": ""Real Madrid"", ""team_2"": ""Arsenal"", ""winner"": ""Real Madrid""}, {""team_1"": ""Barcelona"", ""team_2"": ""PSG"", ""winner"": ""Barcelona""}], ""final"": [{""team_1"": ""Real Madrid"", ""team_2"": ""Barcelona"", ""winner"": ""Real Madrid""}]}"

