{
  "2004-05": {
    "round_of_16": [
      {
        "team_1": "Real Madrid",
        "team_2": "Juventus",
        "date": "22/02/2005",
        "winner": "Juventus"
      },
      {
        "team_1": "Liverpool",
        "team_2": "Bayer Leverkusen",
        "date": "22/02/2005",
        "winner": "Liverpool"
      },
      {
        "team_1": "PSV Eindhoven",
        "team_2": "Monaco",
        "date": "22/02/2005",
        "winner": "PSV Eindhoven"
      },
      {
        "team_1": "Bayern Munich",
        "team_2": "Arsenal",
        "date": "22/02/2005",
        "winner": "Bayern Munich"
      },
      {
        "team_1": "Barcelona",
        "team_2": "Chelsea",
        "date": "23/02/2005",
        "winner": "Chelsea"
      },
      {
        "team_1": "Manchester United",
        "team_2": "Milan",
        "date": "23/02/2005",
        "winner": "Milan"
      },
      {
        "team_1": "Werder Bremen",
        "team_2": "Lyon",
        "date": "23/02/2005",
        "winner": "Lyon"
      },
      {
        "team_1": "Porto",
        "team_2": "Internazionale",
        "date": "23/02/2005",
        "winner": "Internazionale"
      }
    ],
    "quarter_finals": [
      {
        "team_1": "Liverpool",
        "team_2": "Juventus",
        "date": "05/04/2005",
        "winner": "Liverpool"
      },
      {
        "team_1": "Chelsea",
        "team_2": "Bayern Munich",
        "date": "05/04/2005",
        "winner": "Chelsea"
      },
      {
        "team_1": "Milan",
        "team_2": "Internazionale",
        "date": "06/04/2005",
        "winner": "Milan"
      },
      {
        "team_1": "Lyon",
        "team_2": "PSV Eindhoven",
        "date": "06/04/2005",
        "winner": "PSV Eindhoven"
      }
    ],
    "semi_finals": [
      {
        "team_1": "Chelsea",
        "team_2": "Liverpool",
        "date": "27/04/2005",
        "winner": "Liverpool"
      },
      {
        "team_1": "Milan",
        "team_2": "PSV Eindhoven",
        "date": "26/04/2005",
        "winner": "Milan"
      }
    ],
    "final": [
      {
        "team_1": "Milan",
        "team_2": "Liverpool",
        "date": "25/05/2005",
        "winner": "Liverpool"
      }
    ]
  },
  "2005-06": {
    "round_of_16": [
      {
        "team_1": "Chelsea",
        "team_2": "Barcelona",
        "date": "22/02/2006",
        "winner": "Barcelona"
      },
      {
        "team_1": "Real Madrid",
        "team_2": "Arsenal",
        "date": "21/02/2006",
        "winner": "Arsenal"
      },
      {
        "team_1": "Werder Bremen",
        "team_2": "Juventus",
        "date": "22/02/2006",
        "winner": "Juventus"
      },
      {
        "team_1": "Bayern Munich",
        "team_2": "Milan",
        "date": "21/02/2006",
        "winner": "Milan"
      },
      {
        "team_1": "PSV Eindhoven",
        "team_2": "Lyon",
        "date": "21/02/2006",
        "winner": "Lyon"
      },
      {
        "team_1": "Ajax",
        "team_2": "Internazionale",
        "date": "22/02/2006",
        "winner": "Internazionale"
      },
      {
        "team_1": "Benfica",
        "team_2": "Liverpool",
        "date": "21/02/2006",
        "winner": "Benfica"
      },
      {
        "team_1": "Rangers",
        "team_2": "Villarreal",
        "date": "22/02/2006",
        "winner": "Villarreal"
      }
    ],
    "quarter_finals": [
      {
        "team_1": "Arsenal",
        "team_2": "Juventus",
        "date": "28/03/2006",
        "winner": "Arsenal"
      },
      {
        "team_1": "Lyon",
        "team_2": "Milan",
        "date": "28/03/2006",
        "winner": "Milan"
      },
      {
        "team_1": "Internazionale",
        "team_2": "Villarreal",
        "date": "29/03/2006",
        "winner": "Villarreal"
      },
      {
        "team_1": "Benfica",
        "team_2": "Barcelona",
        "date": "29/03/2006",
        "winner": "Barcelona"
      }
    ],
    "semi_finals": [
      {
        "team_1": "Arsenal",
        "team_2": "Villarreal",
        "date": "19/04/2006",
        "winner": "Arsenal"
      },
      {
        "team_1": "Milan",
        "team_2": "Barcelona",
        "date": "18/04/2006",
        "winner": "Barcelona"
      }
    ],
    "final": [
      {
        "team_1": "Arsenal",
        "team_2": "Barcelona",
        "date": "17/05/2006",
        "winner": "Barcelona"
      }
    ]
  },
  "2006-07": {
    "round_of_16": [
      {
        "team_1": "Celtic",
        "team_2": "Milan",
        "date": "20/02/2007",
        "winner": "Milan"
      },
      {
        "team_1": "PSV Eindhoven",
        "team_2": "Arsenal",
        "date": "20/02/2007",
        "winner": "PSV Eindhoven"
      },
      {
        "team_1": "Lille",
        "team_2": "Manchester United",
        "date": "20/02/2007",
        "winner": "Manchester United"
      },
      {
        "team_1": "Roma",
        "team_2": "Lyon",
        "date": "21/02/2007",
        "winner": "Roma"
      },
      {
        "team_1": "Porto",
        "team_2": "Chelsea",
        "date": "21/02/2007",
        "winner": "Chelsea"
      },
      {
        "team_1": "Real Madrid",
        "team_2": "Bayern Munich",
        "date": "21/02/2007",
        "winner": "Bayern Munich"
      },
      {
        "team_1": "Internazionale",
        "team_2": "Valencia",
        "date": "21/02/2007",
        "winner": "Valencia"
      },
      {
        "team_1": "Barcelona",
        "team_2": "Liverpool",
        "date": "21/02/2007",
        "winner": "Liverpool"
      }
    ],
    "quarter_finals": [
      {
        "team_1": "Roma",
        "team_2": "Manchester United",
        "date": "04/04/2007",
        "winner": "Manchester United"
      },
      {
        "team_1": "Chelsea",
        "team_2": "Valencia",
        "date": "04/04/2007",
        "winner": "Chelsea"
      },
      {
        "team_1": "PSV Eindhoven",
        "team_2": "Liverpool",
        "date": "03/04/2007",
        "winner": "Liverpool"
      },
      {
        "team_1": "Milan",
        "team_2": "Bayern Munich",
        "date": "03/04/2007",
        "winner": "Milan"
      }
    ],
    "semi_finals": [
      {
        "team_1": "Chelsea",
        "team_2": "Liverpool",
        "date": "25/04/2007",
        "winner": "Liverpool"
      },
      {
        "team_1": "Milan",
        "team_2": "Manchester United",
        "date": "24/04/2007",
        "winner": "Milan"
      }
    ],
    "final": [
      {
        "team_1": "Milan",
        "team_2": "Liverpool",
        "date": "23/05/2007",
        "winner": "Milan"
      }
    ]
  },
  "2007-08": {
    "round_of_16": [
      {
        "team_1": "Roma",
        "team_2": "Real Madrid",
        "date": "19/02/2008",
        "winner": "Roma"
      },
      {
        "team_1": "Schalke 04",
        "team_2": "Porto",
        "date": "19/02/2008",
        "winner": "Schalke 04"
      },
      {
        "team_1": "Olympiacos",
        "team_2": "Chelsea",
        "date": "19/02/2008",
        "winner": "Chelsea"
      },
      {
        "team_1": "Liverpool",
        "team_2": "Internazionale",
        "date": "19/02/2008",
        "winner": "Liverpool"
      },
      {
        "team_1": "Celtic",
        "team_2": "Barcelona",
        "date": "20/02/2008",
        "winner": "Barcelona"
      },
      {
        "team_1": "Lyon",
        "team_2": "Manchester United",
        "date": "20/02/2008",
        "winner": "Manchester United"
      },
      {
        "team_1": "Fenerbah\u00e7e",
        "team_2": "Sevilla",
        "date": "20/02/2008",
        "winner": "Fenerbah\u00e7e"
      },
      {
        "team_1": "Arsenal",
        "team_2": "Milan",
        "date": "20/02/2008",
        "winner": "Arsenal"
      }
    ],
    "quarter_finals": [
      {
        "team_1": "Roma",
        "team_2": "Manchester United",
        "date": "01/04/2008",
        "winner": "Manchester United"
      },
      {
        "team_1": "Schalke 04",
        "team_2": "Barcelona",
        "date": "01/04/2008",
        "winner": "Barcelona"
      },
      {
        "team_1": "Arsenal",
        "team_2": "Liverpool",
        "date": "02/04/2008",
        "winner": "Liverpool"
      },
      {
        "team_1": "Fenerbah\u00e7e",
        "team_2": "Chelsea",
        "date": "02/04/2008",
        "winner": "Chelsea"
      }
    ],
    "semi_finals": [
      {
        "team_1": "Liverpool",
        "team_2": "Chelsea",
        "date": "22/04/2008",
        "winner": "Chelsea"
      },
      {
        "team_1": "Barcelona",
        "team_2": "Manchester United",
        "date": "23/04/2008",
        "winner": "Manchester United"
      }
    ],
    "final": [
      {
        "team_1": "Manchester United",
        "team_2": "Chelsea",
        "date": "21/05/2008",
        "winner": "Manchester United"
      }
    ]
  },
  "2008-09": {
    "round_of_16": [
      {
        "team_1": "Chelsea",
        "team_2": "Juventus",
        "date": "25/02/2009",
        "winner": "Chelsea"
      },
      {
        "team_1": "Villarreal",
        "team_2": "Panathinaikos",
        "date": "24/02/2009",
        "winner": "Villarreal"
      },
      {
        "team_1": "Sporting CP",
        "team_2": "Bayern Munich",
        "date": "25/02/2009",
        "winner": "Bayern Munich"
      },
      {
        "team_1": "Atletico Madrid",
        "team_2": "Porto",
        "date": "24/02/2009",
        "winner": "Porto"
      },
      {
        "team_1": "Lyon",
        "team_2": "Barcelona",
        "date": "24/02/2009",
        "winner": "Barcelona"
      },
      {
        "team_1": "Real Madrid",
        "team_2": "Liverpool",
        "date": "25/02/2009",
        "winner": "Liverpool"
      },
      {
        "team_1": "Arsenal",
        "team_2": "Roma",
        "date": "24/02/2009",
        "winner": "Arsenal"
      },
      {
        "team_1": "Internazionale",
        "team_2": "Manchester United",
        "date": "24/02/2009",
        "winner": "Manchester United"
      }
    ],
    "quarter_finals": [
      {
        "team_1": "Villarreal",
        "team_2": "Arsenal",
        "date": "07/04/2009",
        "winner": "Arsenal"
      },
      {
        "team_1": "Manchester United",
        "team_2": "Porto",
        "date": "07/04/2009",
        "winner": "Manchester United"
      },
      {
        "team_1": "Liverpool",
        "team_2": "Chelsea",
        "date": "08/04/2009",
        "winner": "Chelsea"
      },
      {
        "team_1": "Barcelona",
        "team_2": "Bayern Munich",
        "date": "08/04/2009",
        "winner": "Barcelona"
      }
    ],
    "semi_finals": [
      {
        "team_1": "Manchester United",
        "team_2": "Arsenal",
        "date": "29/04/2009",
        "winner": "Manchester United"
      },
      {
        "team_1": "Barcelona",
        "team_2": "Chelsea",
        "date": "28/04/2009",
        "winner": "Barcelona"
      }
    ],
    "final": [
      {
        "team_1": "Barcelona",
        "team_2": "Manchester United",
        "date": "27/05/2009",
        "winner": "Barcelona"
      }
    ]
  },
  "2009-10": {
    "round_of_16": [
      {
        "team_1": "Lyon",
        "team_2": "Real Madrid",
        "date": "16/02/2010",
        "winner": "Lyon"
      },
      {
        "team_1": "Milan",
        "team_2": "Manchester United",
        "date": "16/02/2010",
        "winner": "Manchester United"
      },
      {
        "team_1": "Porto",
        "team_2": "Arsenal",
        "date": "17/02/2010",
        "winner": "Arsenal"
      },
      {
        "team_1": "Bayern Munich",
        "team_2": "Fiorentina",
        "date": "17/02/2010",
        "winner": "Bayern Munich"
      },
      {
        "team_1": "Olympiacos",
        "team_2": "Bordeaux",
        "date": "23/02/2010",
        "winner": "Bordeaux"
      },
      {
        "team_1": "Internazionale",
        "team_2": "Chelsea",
        "date": "24/02/2010",
        "winner": "Internazionale"
      },
      {
        "team_1": "CSKA Moscow",
        "team_2": "Sevilla",
        "date": "24/02/2010",
        "winner": "CSKA Moscow"
      },
      {
        "team_1": "Stuttgart",
        "team_2": "Barcelona",
        "date": "23/02/2010",
        "winner": "Barcelona"
      }
    ],
    "quarter_finals": [
      {
        "team_1": "Lyon",
        "team_2": "Bordeaux",
        "date": "30/03/2010",
        "winner": "Lyon"
      },
      {
        "team_1": "Bayern Munich",
        "team_2": "Manchester United",
        "date": "30/03/2010",
        "winner": "Bayern Munich"
      },
      {
        "team_1": "Arsenal",
        "team_2": "Barcelona",
        "date": "31/03/2010",
        "winner": "Barcelona"
      },
      {
        "team_1": "Internazionale",
        "team_2": "CSKA Moscow",
        "date": "31/03/2010",
        "winner": "Internazionale"
      }
    ],
    "semi_finals": [
      {
        "team_1": "Bayern Munich",
        "team_2": "Lyon",
        "date": "21/04/2010",
        "winner": "Bayern Munich"
      },
      {
        "team_1": "Internazionale",
        "team_2": "Barcelona",
        "date": "20/04/2010",
        "winner": "Internazionale"
      }
    ],
    "final": [
      {
        "team_1": "Bayern Munich",
        "team_2": "Internazionale",
        "date": "22/05/2010",
        "winner": "Internazionale"
      }
    ]
  },
  "2010-11": {
    "round_of_16": [
      {
        "team_1": "Roma",
        "team_2": "Shakhtar Donetsk",
        "date": "16/02/2011",
        "winner": "Shakhtar Donetsk"
      },
      {
        "team_1": "Milan",
        "team_2": "Tottenham Hotspur",
        "date": "15/02/2011",
        "winner": "Tottenham Hotspur"
      },
      {
        "team_1": "Valencia",
        "team_2": "Schalke 04",
        "date": "15/02/2011",
        "winner": "Schalke 04"
      },
      {
        "team_1": "Internazionale",
        "team_2": "Bayern Munich",
        "date": "23/02/2011",
        "winner": "Bayern Munich"
      },
      {
        "team_1": "Lyon",
        "team_2": "Real Madrid",
        "date": "22/02/2011",
        "winner": "Real Madrid"
      },
      {
        "team_1": "Arsenal",
        "team_2": "Barcelona",
        "date": "16/02/2011",
        "winner": "Barcelona"
      },
      {
        "team_1": "Marseille",
        "team_2": "Manchester United",
        "date": "23/02/2011",
        "winner": "Manchester United"
      },
      {
        "team_1": "Copenhagen",
        "team_2": "Chelsea",
        "date": "22/02/2011",
        "winner": "Chelsea"
      }
    ],
    "quarter_finals": [
      {
        "team_1": "Real Madrid",
        "team_2": "Tottenham Hotspur",
        "date": "05/04/2011",
        "winner": "Real Madrid"
      },
      {
        "team_1": "Chelsea",
        "team_2": "Manchester United",
        "date": "06/04/2011",
        "winner": "Manchester United"
      },
      {
        "team_1": "Barcelona",
        "team_2": "Shakhtar Donetsk",
        "date": "06/04/2011",
        "winner": "Barcelona"
      },
      {
        "team_1": "Internazionale",
        "team_2": "Schalke 04",
        "date": "05/04/2011",
        "winner": "Schalke 04"
      }
    ],
    "semi_finals": [
      {
        "team_1": "Real Madrid",
        "team_2": "Barcelona",
        "date": "27/04/2011",
        "winner": "Barcelona"
      },
      {
        "team_1": "Manchester United",
        "team_2": "Schalke 04",
        "date": "26/04/2011",
        "winner": "Manchester United"
      }
    ],
    "final": [
      {
        "team_1": "Barcelona",
        "team_2": "Manchester United",
        "date": "28/05/2011",
        "winner": "Barcelona"
      }
    ]
  },
  "2011-12": {
    "round_of_16": [
      {
        "team_1": "Lyon",
        "team_2": "APOEL",
        "date": "14/02/2012",
        "winner": "APOEL"
      },
      {
        "team_1": "Bayer Leverkusen",
        "team_2": "Barcelona",
        "date": "14/02/2012",
        "winner": "Barcelona"
      },
      {
        "team_1": "Zenit Saint Petersburg",
        "team_2": "Benfica",
        "date": "15/02/2012",
        "winner": "Benfica"
      },
      {
        "team_1": "Milan",
        "team_2": "Arsenal",
        "date": "15/02/2012",
        "winner": "Milan"
      },
      {
        "team_1": "Napoli",
        "team_2": "Chelsea",
        "date": "21/02/2012",
        "winner": "Chelsea"
      },
      {
        "team_1": "CSKA Moscow",
        "team_2": "Real Madrid",
        "date": "21/02/2012",
        "winner": "Real Madrid"
      },
      {
        "team_1": "Basel",
        "team_2": "Bayern Munich",
        "date": "22/02/2012",
        "winner": "Bayern Munich"
      },
      {
        "team_1": "Marseille",
        "team_2": "Internazionale",
        "date": "22/02/2012",
        "winner": "Marseille"
      }
    ],
    "quarter_finals": [
      {
        "team_1": "APOEL",
        "team_2": "Real Madrid",
        "date": "27/03/2012",
        "winner": "Real Madrid"
      },
      {
        "team_1": "Marseille",
        "team_2": "Bayern Munich",
        "date": "28/03/2012",
        "winner": "Bayern Munich"
      },
      {
        "team_1": "Benfica",
        "team_2": "Chelsea",
        "date": "27/03/2012",
        "winner": "Chelsea"
      },
      {
        "team_1": "Milan",
        "team_2": "Barcelona",
        "date": "28/03/2012",
        "winner": "Barcelona"
      }
    ],
    "semi_finals": [
      {
        "team_1": "Bayern Munich",
        "team_2": "Real Madrid",
        "date": "17/04/2012",
        "winner": "Bayern Munich"
      },
      {
        "team_1": "Chelsea",
        "team_2": "Barcelona",
        "date": "18/04/2012",
        "winner": "Chelsea"
      }
    ],
    "final": [
      {
        "team_1": "Bayern Munich",
        "team_2": "Chelsea",
        "date": "19/05/2012",
        "winner": "Chelsea"
      }
    ]
  },
  "2012-13": {
    "round_of_16": [
      {
        "team_1": "Celtic",
        "team_2": "Juventus",
        "date": "12/02/2013",
        "winner": "Juventus"
      },
      {
        "team_1": "Valencia",
        "team_2": "Paris Saint-Germain",
        "date": "12/02/2013",
        "winner": "Paris Saint-Germain"
      },
      {
        "team_1": "Shakhtar Donetsk",
        "team_2": "Borussia Dortmund",
        "date": "13/02/2013",
        "winner": "Borussia Dortmund"
      },
      {
        "team_1": "Real Madrid",
        "team_2": "Manchester United",
        "date": "13/02/2013",
        "winner": "Real Madrid"
      },
      {
        "team_1": "Arsenal",
        "team_2": "Bayern Munich",
        "date": "19/02/2013",
        "winner": "Bayern Munich"
      },
      {
        "team_1": "Porto",
        "team_2": "Malaga",
        "date": "19/02/2013",
        "winner": "Malaga"
      },
      {
        "team_1": "Galatasaray",
        "team_2": "Schalke 04",
        "date": "20/02/2013",
        "winner": "Galatasaray"
      },
      {
        "team_1": "Milan",
        "team_2": "Barcelona",
        "date": "20/02/2013",
        "winner": "Barcelona"
      }
    ],
    "quarter_finals": [
      {
        "team_1": "Malaga",
        "team_2": "Borussia Dortmund",
        "date": "03/04/2013",
        "winner": "Borussia Dortmund"
      },
      {
        "team_1": "Real Madrid",
        "team_2": "Galatasaray",
        "date": "03/04/2013",
        "winner": "Real Madrid"
      },
      {
        "team_1": "Paris Saint-Germain",
        "team_2": "Barcelona",
        "date": "02/04/2013",
        "winner": "Barcelona"
      },
      {
        "team_1": "Bayern Munich",
        "team_2": "Juventus",
        "date": "02/04/2013",
        "winner": "Bayern Munich"
      }
    ],
    "semi_finals": [
      {
        "team_1": "Bayern Munich",
        "team_2": "Barcelona",
        "date": "23/04/2013",
        "winner": "Bayern Munich"
      },
      {
        "team_1": "Borussia Dortmund",
        "team_2": "Real Madrid",
        "date": "24/04/2013",
        "winner": "Borussia Dortmund"
      }
    ],
    "final": [
      {
        "team_1": "Borussia Dortmund",
        "team_2": "Bayern Munich",
        "date": "25/05/2013",
        "winner": "Bayern Munich"
      }
    ]
  },
  "2013-14": {
    "round_of_16": [
      {
        "team_1": "Manchester City",
        "team_2": "Barcelona",
        "date": "18/02/2014",
        "winner": "Barcelona"
      },
      {
        "team_1": "Bayer Leverkusen",
        "team_2": "Paris Saint-Germain",
        "date": "18/02/2014",
        "winner": "Paris Saint-Germain"
      },
      {
        "team_1": "Milan",
        "team_2": "Atletico Madrid",
        "date": "19/02/2014",
        "winner": "Atletico Madrid"
      },
      {
        "team_1": "Arsenal",
        "team_2": "Bayern Munich",
        "date": "19/02/2014",
        "winner": "Bayern Munich"
      },
      {
        "team_1": "Galatasaray",
        "team_2": "Chelsea",
        "date": "26/02/2014",
        "winner": "Chelsea"
      },
      {
        "team_1": "Schalke 04",
        "team_2": "Real Madrid",
        "date": "26/02/2014",
        "winner": "Real Madrid"
      },
      {
        "team_1": "Zenit Saint Petersburg",
        "team_2": "Borussia Dortmund",
        "date": "25/02/2014",
        "winner": "Borussia Dortmund"
      },
      {
        "team_1": "Olympiacos",
        "team_2": "Manchester United",
        "date": "25/02/2014",
        "winner": "Manchester United"
      }
    ],
    "quarter_finals": [
      {
        "team_1": "Barcelona",
        "team_2": "Atletico Madrid",
        "date": "01/04/2014",
        "winner": "Atletico Madrid"
      },
      {
        "team_1": "Real Madrid",
        "team_2": "Borussia Dortmund",
        "date": "02/04/2014",
        "winner": "Real Madrid"
      },
      {
        "team_1": "Paris Saint-Germain",
        "team_2": "Chelsea",
        "date": "02/04/2014",
        "winner": "Chelsea"
      },
      {
        "team_1": "Manchester United",
        "team_2": "Bayern Munich",
        "date": "01/04/2014",
        "winner": "Bayern Munich"
      }
    ],
    "semi_finals": [
      {
        "team_1": "Real Madrid",
        "team_2": "Bayern Munich",
        "date": "23/04/2014",
        "winner": "Real Madrid"
      },
      {
        "team_1": "Atletico Madrid",
        "team_2": "Chelsea",
        "date": "22/04/2014",
        "winner": "Atletico Madrid"
      }
    ],
    "final": [
      {
        "team_1": "Real Madrid",
        "team_2": "Atletico Madrid",
        "date": "24/05/2014",
        "winner": "Real Madrid"
      }
    ]
  },
  "2014-15": {
    "round_of_16": [
      {
        "team_1": "Paris Saint-Germain",
        "team_2": "Chelsea",
        "date": "17/02/2015",
        "winner": "Chelsea"
      },
      {
        "team_1": "Shakhtar Donetsk",
        "team_2": "Bayern Munich",
        "date": "17/02/2015",
        "winner": "Bayern Munich"
      },
      {
        "team_1": "Schalke 04",
        "team_2": "Real Madrid",
        "date": "18/02/2015",
        "winner": "Real Madrid"
      },
      {
        "team_1": "Basel",
        "team_2": "Porto",
        "date": "18/02/2015",
        "winner": "Porto"
      },
      {
        "team_1": "Manchester City",
        "team_2": "Barcelona",
        "date": "24/02/2015",
        "winner": "Barcelona"
      },
      {
        "team_1": "Juventus",
        "team_2": "Borussia Dortmund",
        "date": "24/02/2015",
        "winner": "Juventus"
      },
      {
        "team_1": "Arsenal",
        "team_2": "Monaco",
        "date": "25/02/2015",
        "winner": "Monaco"
      },
      {
        "team_1": "Bayer Leverkusen",
        "team_2": "Atletico Madrid",
        "date": "25/02/2015",
        "winner": "Atletico Madrid"
      }
    ],
    "quarter_finals": [
      {
        "team_1": "Paris Saint-Germain",
        "team_2": "Barcelona",
        "date": "15/04/2015",
        "winner": "Barcelona"
      },
      {
        "team_1": "Atletico Madrid",
        "team_2": "Real Madrid",
        "date": "14/04/2015",
        "winner": "Real Madrid"
      },
      {
        "team_1": "Porto",
        "team_2": "Bayern Munich",
        "date": "15/04/2015",
        "winner": "Bayern Munich"
      },
      {
        "team_1": "Juventus",
        "team_2": "Monaco",
        "date": "14/04/2015",
        "winner": "Juventus"
      }
    ],
    "semi_finals": [
      {
        "team_1": "Barcelona",
        "team_2": "Bayern Munich",
        "date": "06/05/2015",
        "winner": "Barcelona"
      },
      {
        "team_1": "Juventus",
        "team_2": "Real Madrid",
        "date": "05/05/2015",
        "winner": "Juventus"
      }
    ],
    "final": [
      {
        "team_1": "Juventus",
        "team_2": "Barcelona",
        "date": "06/06/2015",
        "winner": "Barcelona"
      }
    ]
  },
  "2015-16": {
    "round_of_16": [
      {
        "team_1": "Paris Saint-Germain",
        "team_2": "Chelsea",
        "date": "16/02/2016",
        "winner": "Paris Saint-Germain"
      },
      {
        "team_1": "Benfica",
        "team_2": "Zenit Saint Petersburg",
        "date": "16/02/2016",
        "winner": "Benfica"
      },
      {
        "team_1": "Gent",
        "team_2": "Wolfsburg",
        "date": "17/02/2016",
        "winner": "Wolfsburg"
      },
      {
        "team_1": "Roma",
        "team_2": "Real Madrid",
        "date": "17/02/2016",
        "winner": "Real Madrid"
      },
      {
        "team_1": "Arsenal",
        "team_2": "Barcelona",
        "date": "23/02/2016",
        "winner": "Barcelona"
      },
      {
        "team_1": "Juventus",
        "team_2": "Bayern Munich",
        "date": "23/02/2016",
        "winner": "Bayern Munich"
      },
      {
        "team_1": "Dynamo Kyiv",
        "team_2": "Manchester City",
        "date": "24/02/2016",
        "winner": "Manchester City"
      },
      {
        "team_1": "PSV Eindhoven",
        "team_2": "Atletico Madrid",
        "date": "24/02/2016",
        "winner": "Atletico Madrid"
      }
    ],
    "quarter_finals": [
      {
        "team_1": "Wolfsburg",
        "team_2": "Real Madrid",
        "date": "06/04/2016",
        "winner": "Real Madrid"
      },
      {
        "team_1": "Bayern Munich",
        "team_2": "Benfica",
        "date": "05/04/2016",
        "winner": "Bayern Munich"
      },
      {
        "team_1": "Barcelona",
        "team_2": "Atletico Madrid",
        "date": "05/04/2016",
        "winner": "Atletico Madrid"
      },
      {
        "team_1": "Paris Saint-Germain",
        "team_2": "Manchester City",
        "date": "06/04/2016",
        "winner": "Manchester City"
      }
    ],
    "semi_finals": [
      {
        "team_1": "Manchester City",
        "team_2": "Real Madrid",
        "date": "26/04/2016",
        "winner": "Real Madrid"
      },
      {
        "team_1": "Atletico Madrid",
        "team_2": "Bayern Munich",
        "date": "27/04/2016",
        "winner": "Atletico Madrid"
      }
    ],
    "final": [
      {
        "team_1": "Real Madrid",
        "team_2": "Atletico Madrid",
        "date": "28/05/2016",
        "winner": "Real Madrid"
      }
    ]
  },
  "2016-17": {
    "round_of_16": [
      {
        "team_1": "Paris Saint-Germain",
        "team_2": "Barcelona",
        "date": "14/02/2017",
        "winner": "Barcelona"
      },
      {
        "team_1": "Benfica",
        "team_2": "Borussia Dortmund",
        "date": "14/02/2017",
        "winner": "Borussia Dortmund"
      },
      {
        "team_1": "Real Madrid",
        "team_2": "Napoli",
        "date": "15/02/2017",
        "winner": "Real Madrid"
      },
      {
        "team_1": "Bayern Munich",
        "team_2": "Arsenal",
        "date": "15/02/2017",
        "winner": "Bayern Munich"
      },
      {
        "team_1": "Porto",
        "team_2": "Juventus",
        "date": "22/02/2017",
        "winner": "Juventus"
      },
      {
        "team_1": "Bayer Leverkusen",
        "team_2": "Atletico Madrid",
        "date": "21/02/2017",
        "winner": "Atletico Madrid"
      },
      {
        "team_1": "Manchester City",
        "team_2": "Monaco",
        "date": "21/02/2017",
        "winner": "Monaco"
      },
      {
        "team_1": "Sevilla",
        "team_2": "Leicester City",
        "date": "22/02/2017",
        "winner": "Leicester City"
      }
    ],
    "quarter_finals": [
      {
        "team_1": "Juventus",
        "team_2": "Barcelona",
        "date": "11/04/2017",
        "winner": "Juventus"
      },
      {
        "team_1": "Borussia Dortmund",
        "team_2": "Monaco",
        "date": "12/04/2017",
        "winner": "Monaco"
      },
      {
        "team_1": "Bayern Munich",
        "team_2": "Real Madrid",
        "date": "12/04/2017",
        "winner": "Real Madrid"
      },
      {
        "team_1": "Atletico Madrid",
        "team_2": "Leicester City",
        "date": "12/04/2017",
        "winner": "Atletico Madrid"
      }
    ],
    "semi_finals": [
      {
        "team_1": "Real Madrid",
        "team_2": "Atletico Madrid",
        "date": "02/05/2017",
        "winner": "Real Madrid"
      },
      {
        "team_1": "Monaco",
        "team_2": "Juventus",
        "date": "03/05/2017",
        "winner": "Juventus"
      }
    ],
    "final": [
      {
        "team_1": "Juventus",
        "team_2": "Real Madrid",
        "date": "03/06/2017",
        "winner": "Real Madrid"
      }
    ]
  }
}